,time,accel_x,accel_y,accel_z,gyro_x,gyro_y,gyro_z,temperature
0,2025-05-01 17:00:07.106155520,0.744140625,-0.579345703125,0.31103515625,-23.62060546875,13.61083984375,-42.17529296875,30.56640625
1,2025-05-01 17:00:07.110121728,0.72705078125,-0.578125,0.29150390625,-25.81787109375,14.58740234375,-45.22705078125,30.55908203125
2,2025-05-01 17:00:07.114087936,0.71728515625,-0.568359375,0.25634765625,-29.541015625,13.85498046875,-49.072265625,30.5517578125
3,2025-05-01 17:00:07.118054400,0.722412109375,-0.562255859375,0.249267578125,-33.75244140625,10.1318359375,-50.9033203125,30.54443359375
4,2025-05-01 17:00:07.122020864,0.7353515625,-0.565185546875,0.275634765625,-36.80419921875,6.16455078125,-51.08642578125,30.537109375
5,2025-05-01 17:00:07.125987328,0.759765625,-0.568603515625,0.30322265625,-38.6962890625,5.2490234375,-51.45263671875,30.52978515625
6,2025-05-01 17:00:07.129953536,0.781005859375,-0.573486328125,0.32373046875,-41.259765625,7.62939453125,-52.18505859375,30.5224609375
7,2025-05-01 17:00:07.133920000,0.7919921875,-0.573974609375,0.332275390625,-45.22705078125,12.20703125,-53.466796875,30.51513671875
8,2025-05-01 17:00:07.137886208,0.807861328125,-0.578125,0.3359375,-50.23193359375,18.9208984375,-54.50439453125,30.5078125
9,2025-05-01 17:00:07.141852672,0.829833984375,-0.58642578125,0.3369140625,-55.7861328125,27.52685546875,-54.87060546875,30.50048828125
10,2025-05-01 17:00:07.145819136,0.8525390625,-0.597900390625,0.322265625,-61.21826171875,37.9638671875,-54.38232421875,30.4931640625
11,2025-05-01 17:00:07.149785600,0.8671875,-0.61181640625,0.296875,-66.34521484375,48.9501953125,-52.978515625,30.48583984375
12,2025-05-01 17:00:07.153751808,0.871826171875,-0.638671875,0.267578125,-71.10595703125,59.14306640625,-51.20849609375,30.478515625
13,2025-05-01 17:00:07.157718272,0.865478515625,-0.6630859375,0.226318359375,-74.70703125,68.4814453125,-49.01123046875,30.47119140625
14,2025-05-01 17:00:07.161684480,0.8603515625,-0.688720703125,0.18017578125,-76.59912109375,76.171875,-47.18017578125,30.4638671875
15,2025-05-01 17:00:07.165650944,0.860107421875,-0.712646484375,0.1416015625,-76.5380859375,81.0546875,-45.5322265625,30.45654296875
16,2025-05-01 17:00:07.169617408,0.864013671875,-0.734619140625,0.11865234375,-74.27978515625,82.03125,-43.76220703125,30.44921875
17,2025-05-01 17:00:07.173583872,0.86181640625,-0.749267578125,0.09765625,-69.76318359375,78.67431640625,-41.8701171875,30.44189453125
18,2025-05-01 17:00:07.177550080,0.86865234375,-0.7431640625,0.072265625,-64.02587890625,71.2890625,-40.283203125,30.4345703125
19,2025-05-01 17:00:07.181516288,0.8779296875,-0.713623046875,0.056640625,-57.80029296875,60.72998046875,-39.4287109375,30.42724609375
20,2025-05-01 17:00:07.185482752,0.87353515625,-0.66845703125,0.065673828125,-51.45263671875,49.01123046875,-39.6728515625,30.419921875
21,2025-05-01 17:00:07.189448960,0.8486328125,-0.613037109375,0.07763671875,-46.32568359375,38.330078125,-41.3818359375,30.41259765625
22,2025-05-01 17:00:07.193415680,0.82470703125,-0.5517578125,0.08837890625,-43.5791015625,29.84619140625,-44.0673828125,30.4052734375
23,2025-05-01 17:00:07.197381888,0.8203125,-0.493408203125,0.095947265625,-43.5791015625,23.37646484375,-47.607421875,30.39794921875
24,2025-05-01 17:00:07.201348352,0.8251953125,-0.447021484375,0.094482421875,-45.71533203125,19.1650390625,-51.26953125,30.390625
25,2025-05-01 17:00:07.205314560,0.833984375,-0.41162109375,0.094970703125,-49.25537109375,17.27294921875,-53.89404296875,30.38330078125
26,2025-05-01 17:00:07.209281024,0.826171875,-0.39208984375,0.089599609375,-53.1005859375,17.51708984375,-54.87060546875,30.3759765625
27,2025-05-01 17:00:07.213247232,0.810302734375,-0.371826171875,0.07861328125,-56.45751953125,20.01953125,-53.955078125,30.36865234375
28,2025-05-01 17:00:07.217213696,0.80615234375,-0.353515625,0.065673828125,-59.814453125,24.4140625,-51.45263671875,30.361328125
29,2025-05-01 17:00:07.221180160,0.7900390625,-0.344970703125,0.05224609375,-63.53759765625,27.83203125,-47.607421875,30.35400390625
30,2025-05-01 17:00:07.225146624,0.775634765625,-0.345947265625,0.04248046875,-66.58935546875,30.517578125,-42.17529296875,30.3466796875
31,2025-05-01 17:00:07.229112832,0.760498046875,-0.354248046875,0.047607421875,-68.54248046875,32.470703125,-35.888671875,30.33935546875
32,2025-05-01 17:00:07.233079296,0.75146484375,-0.364013671875,0.05419921875,-69.9462890625,33.69140625,-29.296875,30.33203125
33,2025-05-01 17:00:07.237045504,0.75341796875,-0.3720703125,0.05517578125,-70.98388671875,34.1796875,-23.74267578125,30.32470703125
34,2025-05-01 17:00:07.241011968,0.7841796875,-0.38330078125,0.048583984375,-71.10595703125,34.1796875,-18.98193359375,30.3173828125
35,2025-05-01 17:00:07.244978432,0.837158203125,-0.38720703125,0.051025390625,-70.556640625,34.7900390625,-14.70947265625,30.31005859375
36,2025-05-01 17:00:07.248944640,0.874755859375,-0.390380859375,0.063720703125,-69.7021484375,36.376953125,-11.1083984375,30.302734375
37,2025-05-01 17:00:07.252911104,0.8955078125,-0.391357421875,0.080078125,-68.603515625,39.12353515625,-8.23974609375,30.29541015625
38,2025-05-01 17:00:07.256877312,0.915283203125,-0.386474609375,0.088134765625,-67.32177734375,42.724609375,-6.4697265625,30.2880859375
39,2025-05-01 17:00:07.260843776,0.92529296875,-0.3798828125,0.07666015625,-66.40625,45.41015625,-6.9580078125,30.28076171875
40,2025-05-01 17:00:07.264809984,0.9267578125,-0.383544921875,0.061767578125,-66.46728515625,44.677734375,-9.27734375,30.2734375
41,2025-05-01 17:00:07.268776704,0.915283203125,-0.391357421875,0.05908203125,-66.2841796875,39.55078125,-12.63427734375,30.2734375
42,2025-05-01 17:00:07.272742912,0.89404296875,-0.396728515625,0.066650390625,-64.88037109375,30.029296875,-15.869140625,30.2734375
43,2025-05-01 17:00:07.276709376,0.880615234375,-0.392333984375,0.0888671875,-62.3779296875,18.12744140625,-18.310546875,30.2734375
44,2025-05-01 17:00:07.280675584,0.879150390625,-0.392333984375,0.1259765625,-59.26513671875,5.4931640625,-20.56884765625,30.2734375
45,2025-05-01 17:00:07.284642048,0.88916015625,-0.386962890625,0.177978515625,-55.84716796875,-4.2724609375,-22.39990234375,30.2734375
46,2025-05-01 17:00:07.288608256,0.898193359375,-0.378173828125,0.21728515625,-53.16162109375,-9.765625,-23.98681640625,30.2734375
47,2025-05-01 17:00:07.292574976,0.910400390625,-0.359619140625,0.212646484375,-52.1240234375,-11.04736328125,-26.0009765625,30.2734375
48,2025-05-01 17:00:07.296541184,0.919921875,-0.33203125,0.177734375,-53.03955078125,-8.48388671875,-28.01513671875,30.2734375
49,2025-05-01 17:00:07.300507648,0.92236328125,-0.31201171875,0.134033203125,-55.48095703125,-3.72314453125,-29.23583984375,30.2734375
50,2025-05-01 17:00:07.701141248,0.925537109375,-0.308349609375,0.1083984375,-58.04443359375,2.685546875,-28.564453125,30.2734375
51,2025-05-01 17:00:07.705068800,0.927001953125,-0.31689453125,0.089599609375,-59.9365234375,10.55908203125,-25.87890625,30.2734375
52,2025-05-01 17:00:07.708996096,0.911865234375,-0.32861328125,0.068603515625,-60.9130859375,19.4091796875,-22.8271484375,30.2734375
53,2025-05-01 17:00:07.712923648,0.88134765625,-0.34619140625,0.043212890625,-61.1572265625,27.16064453125,-20.263671875,30.2734375
54,2025-05-01 17:00:07.716850944,0.84716796875,-0.361083984375,0.017822265625,-60.24169921875,31.982421875,-18.24951171875,30.2734375
55,2025-05-01 17:00:07.720778496,0.81201171875,-0.37255859375,-0.001953125,-58.41064453125,33.02001953125,-16.7236328125,30.2734375
56,2025-05-01 17:00:07.724705792,0.787841796875,-0.38134765625,-0.005859375,-56.2744140625,30.8837890625,-15.9912109375,30.2734375
57,2025-05-01 17:00:07.728633088,0.793212890625,-0.38623046875,0.01123046875,-53.89404296875,26.18408203125,-15.9912109375,30.2734375
58,2025-05-01 17:00:07.732560640,0.827392578125,-0.3876953125,0.034912109375,-51.69677734375,20.3857421875,-16.41845703125,30.2734375
59,2025-05-01 17:00:07.736487936,0.860107421875,-0.381591796875,0.05810546875,-49.74365234375,14.5263671875,-16.29638671875,30.2734375
60,2025-05-01 17:00:07.740415232,0.886474609375,-0.36865234375,0.072509765625,-48.76708984375,11.16943359375,-14.892578125,30.2734375
61,2025-05-01 17:00:07.744342784,0.911865234375,-0.358154296875,0.0869140625,-49.31640625,11.90185546875,-12.5732421875,30.2734375
62,2025-05-01 17:00:07.748270336,0.9228515625,-0.34765625,0.0791015625,-51.3916015625,15.31982421875,-10.7421875,30.2734375
63,2025-05-01 17:00:07.752197632,0.915283203125,-0.348388671875,0.060791015625,-54.19921875,19.1650390625,-9.09423828125,30.2734375
64,2025-05-01 17:00:07.756124928,0.900146484375,-0.358154296875,0.0458984375,-57.2509765625,21.66748046875,-7.4462890625,30.2734375
65,2025-05-01 17:00:07.760052480,0.888427734375,-0.367919921875,0.043701171875,-59.6923828125,22.52197265625,-5.67626953125,30.2734375
66,2025-05-01 17:00:07.763979776,0.876220703125,-0.377197265625,0.044189453125,-61.21826171875,20.99609375,-4.21142578125,30.2734375
67,2025-05-01 17:00:07.767907072,0.87158203125,-0.383544921875,0.0458984375,-62.56103515625,17.822265625,-2.99072265625,30.2734375
68,2025-05-01 17:00:07.771834624,0.873291015625,-0.391357421875,0.052490234375,-64.02587890625,14.09912109375,-1.46484375,30.2734375
69,2025-05-01 17:00:07.775762176,0.8896484375,-0.39990234375,0.056396484375,-65.185546875,11.77978515625,0.1220703125,30.2734375
70,2025-05-01 17:00:07.779689216,0.915283203125,-0.40478515625,0.052001953125,-66.58935546875,11.29150390625,1.15966796875,30.2734375
71,2025-05-01 17:00:07.783616768,0.943115234375,-0.406982421875,0.05517578125,-68.29833984375,12.51220703125,2.197265625,30.2734375
72,2025-05-01 17:00:07.787544320,0.960205078125,-0.413818359375,0.05859375,-70.12939453125,15.0146484375,3.35693359375,30.2734375
73,2025-05-01 17:00:07.791471360,0.955322265625,-0.425537109375,0.066162109375,-71.77734375,18.00537109375,4.150390625,30.2734375
74,2025-05-01 17:00:07.795398912,0.93798828125,-0.43310546875,0.072021484375,-72.44873046875,20.6298828125,4.33349609375,30.2734375
75,2025-05-01 17:00:07.799326464,0.9130859375,-0.432861328125,0.07763671875,-72.021484375,22.64404296875,3.7841796875,30.2734375
76,2025-05-01 17:00:07.803254016,0.887939453125,-0.423095703125,0.078125,-70.9228515625,24.0478515625,2.62451171875,30.2734375
77,2025-05-01 17:00:07.807181056,0.866455078125,-0.40771484375,0.077880859375,-69.88525390625,24.23095703125,1.3427734375,30.2734375
78,2025-05-01 17:00:07.811108608,0.852294921875,-0.39306640625,0.07666015625,-69.03076171875,23.25439453125,0.54931640625,30.2734375
79,2025-05-01 17:00:07.815036160,0.83984375,-0.379638671875,0.084716796875,-68.29833984375,21.1181640625,0.0,30.2734375
80,2025-05-01 17:00:07.818963200,0.83349609375,-0.370849609375,0.087158203125,-67.7490234375,18.4326171875,-0.06103515625,30.2734375
81,2025-05-01 17:00:07.822890752,0.8330078125,-0.3603515625,0.086181640625,-67.19970703125,16.11328125,0.67138671875,30.28076171875
82,2025-05-01 17:00:07.826818304,0.84326171875,-0.356201171875,0.086669921875,-66.5283203125,14.0380859375,1.953125,30.2880859375
83,2025-05-01 17:00:07.830745600,0.86328125,-0.360107421875,0.088134765625,-65.73486328125,12.5732421875,3.5400390625,30.29541015625
84,2025-05-01 17:00:07.834672896,0.887451171875,-0.359619140625,0.086669921875,-64.208984375,12.939453125,5.43212890625,30.302734375
85,2025-05-01 17:00:07.838600448,0.900390625,-0.35205078125,0.080322265625,-62.07275390625,15.56396484375,7.2021484375,30.31005859375
86,2025-05-01 17:00:07.842527744,0.913818359375,-0.3447265625,0.072998046875,-59.75341796875,20.20263671875,8.60595703125,30.3173828125
87,2025-05-01 17:00:07.846455040,0.929931640625,-0.33740234375,0.078857421875,-57.9833984375,25.87890625,10.25390625,30.32470703125
88,2025-05-01 17:00:07.850382592,0.938720703125,-0.336181640625,0.088134765625,-56.884765625,31.06689453125,11.3525390625,30.33203125
89,2025-05-01 17:00:07.854310144,0.929931640625,-0.3466796875,0.09375,-56.45751953125,35.2783203125,12.0849609375,30.33935546875
90,2025-05-01 17:00:07.858237440,0.916748046875,-0.36572265625,0.08740234375,-56.2744140625,38.87939453125,12.8173828125,30.3466796875
91,2025-05-01 17:00:07.862164736,0.904052734375,-0.37841796875,0.064453125,-55.35888671875,40.83251953125,12.451171875,30.35400390625
92,2025-05-01 17:00:07.866092288,0.89306640625,-0.387939453125,0.054931640625,-53.1005859375,40.1611328125,10.7421875,30.361328125
93,2025-05-01 17:00:07.870019584,0.875732421875,-0.384521484375,0.0673828125,-49.4384765625,37.7197265625,9.27734375,30.36865234375
94,2025-05-01 17:00:07.873946880,0.854248046875,-0.3671875,0.08544921875,-45.41015625,34.912109375,8.60595703125,30.3759765625
95,2025-05-01 17:00:07.877874432,0.839599609375,-0.349609375,0.103515625,-42.96875,31.6162109375,7.9345703125,30.38330078125
96,2025-05-01 17:00:07.881801728,0.839599609375,-0.337890625,0.122314453125,-42.90771484375,27.28271484375,7.568359375,30.390625
97,2025-05-01 17:00:07.885729280,0.84326171875,-0.344482421875,0.130859375,-44.00634765625,23.5595703125,7.6904296875,30.39794921875
98,2025-05-01 17:00:07.889656576,0.847900390625,-0.3583984375,0.108642578125,-44.73876953125,21.97265625,8.36181640625,30.4052734375
99,2025-05-01 17:00:07.893584128,0.850830078125,-0.363525390625,0.07861328125,-43.9453125,22.03369140625,9.58251953125,30.41259765625
100,2025-05-01 17:00:07.897511424,0.850341796875,-0.362060546875,0.06396484375,-41.9921875,22.0947265625,11.53564453125,30.419921875
101,2025-05-01 17:00:07.901438720,0.8515625,-0.356201171875,0.073486328125,-39.6728515625,22.15576171875,13.85498046875,30.42724609375
102,2025-05-01 17:00:07.905366272,0.85498046875,-0.35546875,0.092529296875,-38.14697265625,23.0712890625,16.05224609375,30.4345703125
103,2025-05-01 17:00:07.909293568,0.86376953125,-0.3583984375,0.08740234375,-37.7197265625,26.123046875,18.61572265625,30.44189453125
104,2025-05-01 17:00:07.913220864,0.87548828125,-0.36279296875,0.080322265625,-39.00146484375,30.33447265625,20.56884765625,30.44921875
105,2025-05-01 17:00:07.917148416,0.882568359375,-0.376220703125,0.065673828125,-40.95458984375,33.69140625,22.3388671875,30.45654296875
106,2025-05-01 17:00:07.921075712,0.885009765625,-0.39990234375,0.05859375,-41.68701171875,34.97314453125,23.86474609375,30.4638671875
107,2025-05-01 17:00:07.925003264,0.881103515625,-0.421875,0.0673828125,-40.34423828125,33.63037109375,25.0244140625,30.47119140625
108,2025-05-01 17:00:07.928930560,0.88134765625,-0.427490234375,0.093505859375,-37.109375,31.1279296875,26.0009765625,30.478515625
109,2025-05-01 17:00:07.932858112,0.8837890625,-0.427001953125,0.126708984375,-33.8134765625,29.296875,26.91650390625,30.48583984375
110,2025-05-01 17:00:07.936785408,0.8857421875,-0.420654296875,0.147705078125,-31.18896484375,28.38134765625,28.076171875,30.4931640625
111,2025-05-01 17:00:07.940712704,0.898193359375,-0.41943359375,0.162841796875,-30.029296875,28.01513671875,30.33447265625,30.50048828125
112,2025-05-01 17:00:07.944640256,0.90771484375,-0.429443359375,0.16748046875,-30.6396484375,28.01513671875,33.63037109375,30.5078125
113,2025-05-01 17:00:07.948567552,0.910888671875,-0.45458984375,0.162353515625,-32.71484375,28.25927734375,36.9873046875,30.51513671875
114,2025-05-01 17:00:07.952495104,0.9189453125,-0.49169921875,0.163330078125,-35.21728515625,28.9306640625,39.73388671875,30.5224609375
115,2025-05-01 17:00:07.956422400,0.925537109375,-0.53173828125,0.171875,-37.04833984375,28.99169921875,41.6259765625,30.52978515625
116,2025-05-01 17:00:07.960349696,0.937744140625,-0.572021484375,0.174560546875,-37.7197265625,28.50341796875,42.41943359375,30.537109375
117,2025-05-01 17:00:07.964277248,0.950927734375,-0.60986328125,0.176025390625,-38.4521484375,28.6865234375,41.56494140625,30.54443359375
118,2025-05-01 17:00:07.968204544,0.946533203125,-0.65087890625,0.1875,-39.48974609375,29.052734375,39.1845703125,30.5517578125
119,2025-05-01 17:00:07.972131840,0.927001953125,-0.693115234375,0.196533203125,-39.9169921875,29.84619140625,35.7666015625,30.55908203125
120,2025-05-01 17:00:07.976059392,0.90625,-0.733642578125,0.1982421875,-39.55078125,30.6396484375,31.18896484375,30.56640625
121,2025-05-01 17:00:07.979986944,0.878662109375,-0.766357421875,0.196044921875,-38.02490234375,30.517578125,26.3671875,30.56640625
122,2025-05-01 17:00:07.983914240,0.84521484375,-0.791748046875,0.196533203125,-36.2548828125,29.11376953125,22.4609375,30.56640625
123,2025-05-01 17:00:07.987841536,0.800048828125,-0.814453125,0.189208984375,-35.7666015625,26.3671875,20.8740234375,30.56640625
124,2025-05-01 17:00:07.991769088,0.760986328125,-0.837158203125,0.16455078125,-36.80419921875,23.01025390625,20.69091796875,30.56640625
125,2025-05-01 17:00:07.995696384,0.739990234375,-0.87841796875,0.132568359375,-38.87939453125,19.8974609375,20.32470703125,30.56640625
126,2025-05-01 17:00:07.999623680,0.725341796875,-0.92822265625,0.107177734375,-40.1611328125,17.63916015625,19.83642578125,30.56640625
127,2025-05-01 17:00:08.003551232,0.700439453125,-0.965087890625,0.078857421875,-38.26904296875,15.625,20.263671875,30.56640625
128,2025-05-01 17:00:08.007478784,0.659912109375,-0.9755859375,0.055908203125,-32.8369140625,15.07568359375,21.78955078125,30.56640625
129,2025-05-01 17:00:08.011405824,0.626953125,-0.957763671875,0.057373046875,-25.5126953125,16.4794921875,22.94921875,30.56640625
130,2025-05-01 17:00:08.015333376,0.58447265625,-0.92724609375,0.076171875,-18.37158203125,18.4326171875,22.15576171875,30.56640625
131,2025-05-01 17:00:08.019260928,0.52978515625,-0.89599609375,0.10205078125,-14.16015625,20.44677734375,20.93505859375,30.56640625
132,2025-05-01 17:00:08.023188224,0.48095703125,-0.870849609375,0.13916015625,-12.5732421875,22.5830078125,20.01953125,30.56640625
133,2025-05-01 17:00:08.027115520,0.446044921875,-0.850341796875,0.179931640625,-12.26806640625,23.8037109375,18.798828125,30.56640625
134,2025-05-01 17:00:08.031043072,0.433349609375,-0.8251953125,0.21728515625,-11.5966796875,23.98681640625,17.27294921875,30.56640625
135,2025-05-01 17:00:08.034970624,0.435302734375,-0.785888671875,0.228515625,-10.55908203125,24.169921875,15.7470703125,30.56640625
136,2025-05-01 17:00:08.038897664,0.443603515625,-0.744140625,0.221435546875,-10.1318359375,25.45166015625,15.56396484375,30.56640625
137,2025-05-01 17:00:08.042825216,0.4453125,-0.718017578125,0.22607421875,-10.986328125,26.67236328125,16.7236328125,30.56640625
138,2025-05-01 17:00:08.046752768,0.43994140625,-0.715087890625,0.235595703125,-11.962890625,26.79443359375,19.34814453125,30.56640625
139,2025-05-01 17:00:08.050679808,0.422119140625,-0.721435546875,0.225830078125,-12.3291015625,25.57373046875,23.25439453125,30.56640625
140,2025-05-01 17:00:08.054607360,0.4072265625,-0.734619140625,0.194580078125,-12.451171875,22.3388671875,27.34375,30.56640625
141,2025-05-01 17:00:08.058534912,0.410888671875,-0.75390625,0.169921875,-12.51220703125,17.02880859375,30.94482421875,30.56640625
142,2025-05-01 17:00:08.062462208,0.44677734375,-0.78564453125,0.158935546875,-11.962890625,9.58251953125,33.0810546875,30.56640625
143,2025-05-01 17:00:08.066389504,0.494140625,-0.816162109375,0.1513671875,-9.94873046875,1.77001953125,34.36279296875,30.56640625
144,2025-05-01 17:00:08.070317056,0.53271484375,-0.83203125,0.16357421875,-6.53076171875,-4.39453125,35.5224609375,30.56640625
145,2025-05-01 17:00:08.074244608,0.5478515625,-0.83447265625,0.189697265625,-2.197265625,-8.97216796875,36.43798828125,30.56640625
146,2025-05-01 17:00:08.078171648,0.546630859375,-0.810791015625,0.218994140625,2.197265625,-11.3525390625,36.80419921875,30.56640625
147,2025-05-01 17:00:08.082099200,0.552978515625,-0.777099609375,0.242919921875,4.08935546875,-11.474609375,35.46142578125,30.56640625
148,2025-05-01 17:00:08.086026752,0.568359375,-0.748046875,0.25341796875,4.08935546875,-10.43701171875,32.8369140625,30.56640625
149,2025-05-01 17:00:08.089954048,0.5751953125,-0.71435546875,0.24951171875,4.21142578125,-8.72802734375,29.84619140625,30.56640625
150,2025-05-01 17:00:08.093881344,0.565185546875,-0.688232421875,0.23193359375,4.0283203125,-6.89697265625,26.85546875,30.56640625
151,2025-05-01 17:00:08.891143680,0.544189453125,-0.674072265625,0.2138671875,3.72314453125,-5.4931640625,24.35302734375,30.56640625
152,2025-05-01 17:00:08.895071232,0.5244140625,-0.681640625,0.1953125,3.662109375,-5.18798828125,23.0712890625,30.56640625
153,2025-05-01 17:00:08.898998528,0.509765625,-0.69482421875,0.18310546875,5.4931640625,-5.9814453125,21.91162109375,30.56640625
154,2025-05-01 17:00:08.902926080,0.512451171875,-0.69921875,0.17724609375,10.07080078125,-7.38525390625,19.71435546875,30.56640625
155,2025-05-01 17:00:08.906853376,0.52587890625,-0.694580078125,0.1865234375,15.56396484375,-8.9111328125,17.63916015625,30.56640625
156,2025-05-01 17:00:08.910780928,0.53662109375,-0.683837890625,0.19140625,19.6533203125,-10.3759765625,17.02880859375,30.56640625
157,2025-05-01 17:00:08.914708224,0.54638671875,-0.678466796875,0.208251953125,21.728515625,-11.90185546875,16.7236328125,30.56640625
158,2025-05-01 17:00:08.918635520,0.56103515625,-0.69140625,0.228271484375,22.8271484375,-13.7939453125,16.29638671875,30.56640625
159,2025-05-01 17:00:08.922563072,0.5703125,-0.701416015625,0.238037109375,25.2685546875,-15.13671875,14.83154296875,30.56640625
160,2025-05-01 17:00:08.926490368,0.585693359375,-0.697998046875,0.2373046875,27.03857421875,-14.58740234375,12.8173828125,30.56640625
161,2025-05-01 17:00:08.930417664,0.603271484375,-0.7001953125,0.24560546875,27.16064453125,-13.7939453125,11.29150390625,30.55908203125
162,2025-05-01 17:00:08.934345216,0.608642578125,-0.712158203125,0.25244140625,27.16064453125,-13.7939453125,9.70458984375,30.5517578125
163,2025-05-01 17:00:08.938272768,0.605712890625,-0.716552734375,0.24951171875,27.89306640625,-14.892578125,7.26318359375,30.54443359375
164,2025-05-01 17:00:08.942200064,0.609375,-0.708984375,0.2373046875,28.62548828125,-16.9677734375,3.72314453125,30.537109375
165,2025-05-01 17:00:08.946127360,0.62158203125,-0.6982421875,0.240234375,28.564453125,-18.98193359375,0.0,30.52978515625
166,2025-05-01 17:00:08.950054912,0.62841796875,-0.691650390625,0.262939453125,28.01513671875,-20.08056640625,-3.0517578125,30.5224609375
167,2025-05-01 17:00:08.953982208,0.6318359375,-0.69189453125,0.29931640625,28.13720703125,-19.8974609375,-5.18798828125,30.51513671875
168,2025-05-01 17:00:08.957909504,0.628173828125,-0.6923828125,0.337890625,28.86962890625,-19.4091796875,-7.4462890625,30.5078125
169,2025-05-01 17:00:08.961837056,0.621337890625,-0.693115234375,0.36474609375,28.4423828125,-19.47021484375,-10.009765625,30.50048828125
170,2025-05-01 17:00:08.965764608,0.622802734375,-0.6943359375,0.37255859375,25.93994140625,-19.775390625,-12.39013671875,30.4931640625
171,2025-05-01 17:00:08.969691648,0.632568359375,-0.70947265625,0.37353515625,21.78955078125,-20.751953125,-15.13671875,30.48583984375
172,2025-05-01 17:00:08.973619200,0.659423828125,-0.7314453125,0.365966796875,17.7001953125,-22.705078125,-18.798828125,30.478515625
173,2025-05-01 17:00:08.977546752,0.687255859375,-0.749755859375,0.340576171875,14.892578125,-25.81787109375,-23.49853515625,30.47119140625
174,2025-05-01 17:00:08.981474048,0.701904296875,-0.763671875,0.318115234375,13.36669921875,-29.6630859375,-28.3203125,30.4638671875
175,2025-05-01 17:00:08.985401344,0.711181640625,-0.7724609375,0.3115234375,12.5732421875,-33.63037109375,-32.470703125,30.45654296875
176,2025-05-01 17:00:08.989328896,0.7236328125,-0.78759765625,0.326904296875,13.24462890625,-35.7666015625,-35.46142578125,30.44921875
177,2025-05-01 17:00:08.993256448,0.7275390625,-0.803466796875,0.361083984375,15.625,-35.0341796875,-38.4521484375,30.44189453125
178,2025-05-01 17:00:08.997183488,0.728515625,-0.817138671875,0.387451171875,18.85986328125,-32.77587890625,-42.48046875,30.4345703125
179,2025-05-01 17:00:09.001111040,0.758544921875,-0.8271484375,0.397216796875,21.54541015625,-31.06689453125,-46.7529296875,30.42724609375
180,2025-05-01 17:00:09.005038592,0.814697265625,-0.835693359375,0.388671875,24.169921875,-30.94482421875,-49.74365234375,30.419921875
181,2025-05-01 17:00:09.008965632,0.858642578125,-0.844970703125,0.352294921875,27.099609375,-30.09033203125,-50.1708984375,30.41259765625
182,2025-05-01 17:00:09.012893184,0.890380859375,-0.85986328125,0.29345703125,29.35791015625,-25.69580078125,-47.9736328125,30.4052734375
183,2025-05-01 17:00:09.016820736,0.91845703125,-0.89794921875,0.212890625,31.06689453125,-18.85986328125,-44.98291015625,30.39794921875
184,2025-05-01 17:00:09.020748032,0.92578125,-0.9521484375,0.109619140625,33.69140625,-12.51220703125,-41.56494140625,30.390625
185,2025-05-01 17:00:09.024675328,0.88623046875,-1.0048828125,-0.005126953125,38.51318359375,-8.85009765625,-37.41455078125,30.38330078125
186,2025-05-01 17:00:09.028602880,0.806640625,-1.0400390625,-0.06494140625,44.7998046875,-10.1318359375,-33.203125,30.3759765625
187,2025-05-01 17:00:09.032530432,0.713134765625,-1.057861328125,-0.059814453125,52.490234375,-16.7236328125,-30.82275390625,30.36865234375
188,2025-05-01 17:00:09.036457472,0.6259765625,-1.012451171875,-0.0234375,64.5751953125,-24.90234375,-34.11865234375,30.361328125
189,2025-05-01 17:00:09.040385024,0.58544921875,-0.90625,0.02734375,74.76806640625,-30.3955078125,-42.96875,30.35400390625
190,2025-05-01 17:00:09.044312576,0.5634765625,-0.789794921875,0.06396484375,76.47705078125,-35.2783203125,-50.47607421875,30.3466796875
191,2025-05-01 17:00:09.048239872,0.533203125,-0.7138671875,0.075439453125,71.2890625,-41.6259765625,-53.1005859375,30.33935546875
192,2025-05-01 17:00:09.052167168,0.505859375,-0.683349609375,0.0576171875,64.697265625,-49.25537109375,-51.45263671875,30.33203125
193,2025-05-01 17:00:09.056094720,0.4892578125,-0.67724609375,0.008544921875,60.791015625,-57.373046875,-48.27880859375,30.32470703125
194,2025-05-01 17:00:09.060022016,0.497314453125,-0.673095703125,-0.0439453125,61.21826171875,-63.65966796875,-45.71533203125,30.3173828125
195,2025-05-01 17:00:09.063949312,0.525390625,-0.656494140625,-0.063232421875,65.61279296875,-64.208984375,-43.27392578125,30.31005859375
196,2025-05-01 17:00:09.067876864,0.55126953125,-0.634033203125,-0.051025390625,72.69287109375,-57.67822265625,-40.283203125,30.302734375
197,2025-05-01 17:00:09.071804160,0.5625,-0.6083984375,-0.04296875,79.16259765625,-46.875,-35.0341796875,30.29541015625
198,2025-05-01 17:00:09.075731712,0.550048828125,-0.59619140625,-0.044921875,82.58056640625,-36.56005859375,-27.28271484375,30.2880859375
199,2025-05-01 17:00:09.079659008,0.515380859375,-0.6123046875,-0.032958984375,82.82470703125,-32.04345703125,-18.85986328125,30.28076171875
200,2025-05-01 17:00:09.083586560,0.490234375,-0.649169921875,-0.009765625,82.51953125,-35.7666015625,-11.8408203125,30.2734375
201,2025-05-01 17:00:09.087513856,0.50439453125,-0.69091796875,0.01171875,84.04541015625,-44.49462890625,-7.99560546875,30.28076171875
202,2025-05-01 17:00:09.091441152,0.564697265625,-0.709716796875,0.0244140625,86.9140625,-52.8564453125,-6.34765625,30.2880859375
203,2025-05-01 17:00:09.095368704,0.630859375,-0.7021484375,0.03271484375,89.41650390625,-57.31201171875,-4.69970703125,30.29541015625
204,2025-05-01 17:00:09.099296000,0.66259765625,-0.68212890625,0.043212890625,91.1865234375,-57.80029296875,-2.44140625,30.302734375
205,2025-05-01 17:00:09.103223296,0.656005859375,-0.66455078125,0.0546875,91.4306640625,-56.7626953125,0.1220703125,30.31005859375
206,2025-05-01 17:00:09.107150848,0.63720703125,-0.645263671875,0.058349609375,90.576171875,-55.7861328125,2.25830078125,30.3173828125
207,2025-05-01 17:00:09.111078144,0.621826171875,-0.629150390625,0.05712890625,89.17236328125,-56.57958984375,3.5400390625,30.32470703125
208,2025-05-01 17:00:09.115005696,0.615478515625,-0.617431640625,0.052978515625,87.7685546875,-60.05859375,4.94384765625,30.33203125
209,2025-05-01 17:00:09.118932992,0.62109375,-0.6025390625,0.047119140625,87.0361328125,-65.49072265625,6.77490234375,30.33935546875
210,2025-05-01 17:00:09.122860544,0.637939453125,-0.58447265625,0.033447265625,86.97509765625,-71.8994140625,8.7890625,30.3466796875
211,2025-05-01 17:00:09.126787840,0.66796875,-0.564208984375,0.02392578125,87.34130859375,-78.2470703125,10.80322265625,30.35400390625
212,2025-05-01 17:00:09.130715136,0.7060546875,-0.54296875,0.02880859375,87.82958984375,-83.6181640625,12.8173828125,30.361328125
213,2025-05-01 17:00:09.134642688,0.734619140625,-0.5234375,0.03759765625,88.7451171875,-86.42578125,15.56396484375,30.36865234375
214,2025-05-01 17:00:09.138569984,0.774658203125,-0.502685546875,0.04443359375,89.90478515625,-84.65576171875,19.04296875,30.3759765625
215,2025-05-01 17:00:09.142497536,0.826416015625,-0.481201171875,0.052734375,90.63720703125,-79.1015625,22.3388671875,30.38330078125
216,2025-05-01 17:00:09.146424832,0.865966796875,-0.471923828125,0.068359375,90.75927734375,-71.35009765625,25.57373046875,30.390625
217,2025-05-01 17:00:09.150352128,0.89306640625,-0.465576171875,0.0830078125,90.63720703125,-61.6455078125,29.541015625,30.39794921875
218,2025-05-01 17:00:09.154279680,0.91259765625,-0.457275390625,0.082275390625,90.9423828125,-51.513671875,33.02001953125,30.4052734375
219,2025-05-01 17:00:09.158206976,0.91064453125,-0.44677734375,0.061767578125,91.49169921875,-42.96875,35.09521484375,30.41259765625
220,2025-05-01 17:00:09.162134528,0.904052734375,-0.438720703125,0.041015625,91.36962890625,-36.4990234375,36.2548828125,30.419921875
221,2025-05-01 17:00:09.166061824,0.895751953125,-0.432861328125,0.03271484375,90.6982421875,-32.470703125,36.62109375,30.42724609375
222,2025-05-01 17:00:09.169989376,0.878173828125,-0.42333984375,0.023193359375,90.39306640625,-30.45654296875,35.7666015625,30.4345703125
223,2025-05-01 17:00:09.173916672,0.867431640625,-0.4111328125,0.009521484375,90.6982421875,-29.052734375,33.63037109375,30.44189453125
224,2025-05-01 17:00:09.177843968,0.872802734375,-0.39013671875,0.005859375,90.6982421875,-28.50341796875,29.78515625,30.44921875
225,2025-05-01 17:00:09.181771520,0.891357421875,-0.369873046875,0.020263671875,89.7216796875,-30.3955078125,25.08544921875,30.45654296875
226,2025-05-01 17:00:09.185698816,0.9091796875,-0.354736328125,0.056640625,87.40234375,-34.0576171875,21.42333984375,30.4638671875
227,2025-05-01 17:00:09.189626112,0.917236328125,-0.34765625,0.103271484375,83.55712890625,-36.80419921875,19.8974609375,30.47119140625
228,2025-05-01 17:00:09.193553664,0.9130859375,-0.343994140625,0.116455078125,78.43017578125,-38.26904296875,18.85986328125,30.478515625
229,2025-05-01 17:00:09.197481216,0.90576171875,-0.343994140625,0.110595703125,73.18115234375,-39.9169921875,15.93017578125,30.48583984375
230,2025-05-01 17:00:09.201408512,0.918701171875,-0.336181640625,0.10791015625,68.78662109375,-41.32080078125,12.26806640625,30.4931640625
231,2025-05-01 17:00:09.205335808,0.937744140625,-0.327392578125,0.109375,65.0634765625,-40.771484375,8.48388671875,30.50048828125
232,2025-05-01 17:00:09.209263360,0.944091796875,-0.320556640625,0.100830078125,61.46240234375,-35.94970703125,5.4931640625,30.5078125
233,2025-05-01 17:00:09.213190656,0.936279296875,-0.31982421875,0.08251953125,58.41064453125,-27.40478515625,3.84521484375,30.51513671875
234,2025-05-01 17:00:09.217117952,0.908203125,-0.329345703125,0.08642578125,56.33544921875,-18.00537109375,3.35693359375,30.5224609375
235,2025-05-01 17:00:09.221045504,0.860595703125,-0.3408203125,0.0986328125,55.17578125,-9.82666015625,3.0517578125,30.52978515625
236,2025-05-01 17:00:09.224973056,0.797607421875,-0.349365234375,0.09912109375,53.8330078125,-5.0048828125,2.3193359375,30.537109375
237,2025-05-01 17:00:09.228900096,0.747802734375,-0.360595703125,0.086181640625,51.69677734375,-4.45556640625,0.48828125,30.54443359375
238,2025-05-01 17:00:09.232827648,0.728271484375,-0.3740234375,0.068115234375,49.62158203125,-7.6904296875,-3.11279296875,30.5517578125
239,2025-05-01 17:00:09.236755200,0.72119140625,-0.388671875,0.053466796875,48.76708984375,-13.7939453125,-7.01904296875,30.55908203125
240,2025-05-01 17:00:09.240682240,0.71484375,-0.401611328125,0.033935546875,50.47607421875,-21.66748046875,-10.68115234375,30.56640625
241,2025-05-01 17:00:09.244609792,0.7099609375,-0.412109375,0.030029296875,54.01611328125,-30.94482421875,-13.7939453125,30.56640625
242,2025-05-01 17:00:09.248537344,0.71240234375,-0.419921875,0.038818359375,58.16650390625,-40.8935546875,-15.93017578125,30.56640625
243,2025-05-01 17:00:09.252464896,0.712158203125,-0.4208984375,0.06103515625,62.07275390625,-49.86572265625,-17.39501953125,30.56640625
244,2025-05-01 17:00:09.256391936,0.71923828125,-0.421142578125,0.088623046875,65.00244140625,-55.84716796875,-18.6767578125,30.56640625
245,2025-05-01 17:00:09.260319488,0.74072265625,-0.422607421875,0.111572265625,66.95556640625,-57.06787109375,-19.95849609375,30.56640625
246,2025-05-01 17:00:09.264247040,0.78076171875,-0.423583984375,0.1376953125,68.2373046875,-54.13818359375,-20.32470703125,30.56640625
247,2025-05-01 17:00:09.268174080,0.8154296875,-0.4345703125,0.1806640625,69.15283203125,-48.88916015625,-18.85986328125,30.56640625
248,2025-05-01 17:00:09.272101632,0.822021484375,-0.454345703125,0.234130859375,69.580078125,-42.17529296875,-15.2587890625,30.56640625
249,2025-05-01 17:00:09.276029184,0.835693359375,-0.4755859375,0.26953125,68.54248046875,-34.1796875,-10.31494140625,30.56640625
250,2025-05-01 17:00:09.279956480,0.886474609375,-0.516845703125,0.30078125,64.0869140625,-27.9541015625,-5.2490234375,30.56640625
251,2025-05-01 17:00:09.283883776,0.95849609375,-0.593505859375,0.336181640625,54.8095703125,-26.55029296875,-0.42724609375,30.56640625
252,2025-05-01 17:00:09.684478720,1.02587890625,-0.714111328125,0.38623046875,41.015625,-29.78515625,4.69970703125,30.56640625
253,2025-05-01 17:00:09.688445440,1.0830078125,-0.86572265625,0.432373046875,26.79443359375,-35.46142578125,10.43701171875,30.56640625
254,2025-05-01 17:00:09.692412160,1.12109375,-1.01025390625,0.453125,16.66259765625,-41.3818359375,14.70947265625,30.56640625
255,2025-05-01 17:00:09.696378624,1.134033203125,-1.099365234375,0.447265625,11.77978515625,-44.0673828125,14.46533203125,30.56640625
256,2025-05-01 17:00:09.700345600,1.111328125,-1.109375,0.413330078125,11.474609375,-41.32080078125,9.521484375,30.56640625
257,2025-05-01 17:00:09.704312064,1.03955078125,-1.05859375,0.35595703125,13.00048828125,-34.11865234375,2.0751953125,30.56640625
258,2025-05-01 17:00:09.708278784,0.927001953125,-0.98974609375,0.3037109375,15.7470703125,-25.87890625,-5.859375,30.56640625
259,2025-05-01 17:00:09.712245504,0.810302734375,-0.8984375,0.285888671875,22.3388671875,-20.20263671875,-12.87841796875,30.56640625
260,2025-05-01 17:00:09.716212224,0.712158203125,-0.7841796875,0.29931640625,31.79931640625,-17.9443359375,-17.7001953125,30.56640625
261,2025-05-01 17:00:09.720178944,0.630859375,-0.672607421875,0.326416015625,39.97802734375,-17.7001953125,-19.775390625,30.56640625
262,2025-05-01 17:00:09.724145408,0.5810546875,-0.59130859375,0.358154296875,43.76220703125,-15.869140625,-19.1650390625,30.56640625
263,2025-05-01 17:00:09.728112128,0.54736328125,-0.566162109375,0.36572265625,42.41943359375,-12.0849609375,-16.05224609375,30.56640625
264,2025-05-01 17:00:09.732078848,0.5244140625,-0.594970703125,0.34033203125,38.87939453125,-6.16455078125,-11.962890625,30.56640625
265,2025-05-01 17:00:09.736045568,0.516357421875,-0.6572265625,0.302978515625,37.4755859375,0.6103515625,-7.6904296875,30.56640625
266,2025-05-01 17:00:09.740012288,0.50341796875,-0.724609375,0.282470703125,41.80908203125,6.2255859375,-1.8310546875,30.56640625
267,2025-05-01 17:00:09.743979008,0.484375,-0.767333984375,0.2890625,51.3916015625,9.1552734375,5.4931640625,30.56640625
268,2025-05-01 17:00:09.747945472,0.4580078125,-0.77294921875,0.3115234375,63.04931640625,8.6669921875,12.75634765625,30.56640625
269,2025-05-01 17:00:09.751912192,0.432861328125,-0.74658203125,0.32958984375,71.8994140625,4.57763671875,18.73779296875,30.56640625
270,2025-05-01 17:00:09.755878912,0.4248046875,-0.716552734375,0.337158203125,74.52392578125,-1.77001953125,22.4609375,30.56640625
271,2025-05-01 17:00:09.759845376,0.434326171875,-0.6982421875,0.329345703125,71.8994140625,-10.80322265625,24.4140625,30.56640625
272,2025-05-01 17:00:09.763812352,0.45751953125,-0.691162109375,0.306884765625,67.44384765625,-22.39990234375,25.2685546875,30.56640625
273,2025-05-01 17:00:09.767778816,0.49853515625,-0.693115234375,0.284423828125,64.3310546875,-36.0107421875,24.59716796875,30.56640625
274,2025-05-01 17:00:09.771745792,0.54248046875,-0.695068359375,0.270751953125,63.232421875,-51.57470703125,23.681640625,30.56640625
275,2025-05-01 17:00:09.775712256,0.584716796875,-0.688232421875,0.27978515625,64.0869140625,-67.0166015625,24.5361328125,30.56640625
276,2025-05-01 17:00:09.779678976,0.621337890625,-0.67041015625,0.316162109375,66.46728515625,-79.40673828125,27.03857421875,30.56640625
277,2025-05-01 17:00:09.783645696,0.646484375,-0.633056640625,0.34326171875,69.2138671875,-86.7919921875,28.99169921875,30.56640625
278,2025-05-01 17:00:09.787612160,0.673828125,-0.576171875,0.35009765625,71.10595703125,-89.17236328125,28.25927734375,30.56640625
279,2025-05-01 17:00:09.791579136,0.694091796875,-0.526123046875,0.344482421875,70.98388671875,-88.56201171875,24.96337890625,30.56640625
280,2025-05-01 17:00:09.795545600,0.70263671875,-0.48095703125,0.32177734375,69.7021484375,-87.21923828125,20.8740234375,30.56640625
281,2025-05-01 17:00:09.799512320,0.703125,-0.444091796875,0.2783203125,68.2373046875,-86.0595703125,17.2119140625,30.56640625
282,2025-05-01 17:00:09.803479040,0.69775390625,-0.41455078125,0.234130859375,66.650390625,-85.87646484375,14.58740234375,30.56640625
283,2025-05-01 17:00:09.807445760,0.691650390625,-0.389892578125,0.20849609375,65.24658203125,-85.75439453125,12.939453125,30.56640625
284,2025-05-01 17:00:09.811412224,0.6875,-0.37109375,0.190185546875,64.5751953125,-84.41162109375,11.16943359375,30.56640625
285,2025-05-01 17:00:09.815379200,0.692138671875,-0.356689453125,0.169921875,64.453125,-82.763671875,8.30078125,30.56640625
286,2025-05-01 17:00:09.819345664,0.721435546875,-0.34912109375,0.16552734375,64.39208984375,-82.275390625,4.33349609375,30.56640625
287,2025-05-01 17:00:09.823312384,0.745849609375,-0.34423828125,0.176513671875,64.697265625,-83.55712890625,0.9765625,30.56640625
288,2025-05-01 17:00:09.827279104,0.7724609375,-0.340087890625,0.187255859375,65.673828125,-85.26611328125,-0.3662109375,30.56640625
289,2025-05-01 17:00:09.831245568,0.808837890625,-0.327392578125,0.188232421875,66.83349609375,-84.89990234375,-1.220703125,30.56640625
290,2025-05-01 17:00:09.835212544,0.84423828125,-0.3095703125,0.199951171875,66.650390625,-82.275390625,-3.35693359375,30.56640625
291,2025-05-01 17:00:09.839179008,0.885498046875,-0.306884765625,0.224609375,64.14794921875,-76.59912109375,-6.103515625,30.56640625
292,2025-05-01 17:00:09.843145728,0.913818359375,-0.314697265625,0.235107421875,60.36376953125,-67.19970703125,-9.033203125,30.56640625
293,2025-05-01 17:00:09.847112448,0.92578125,-0.329833984375,0.22705078125,56.70166015625,-53.89404296875,-12.02392578125,30.56640625
294,2025-05-01 17:00:09.851078912,0.917236328125,-0.341796875,0.2080078125,54.5654296875,-38.4521484375,-15.869140625,30.56640625
295,2025-05-01 17:00:09.855045888,0.879638671875,-0.34814453125,0.1826171875,54.6875,-24.10888671875,-19.95849609375,30.56640625
296,2025-05-01 17:00:09.859012352,0.83544921875,-0.34716796875,0.1640625,56.82373046875,-13.7939453125,-23.0712890625,30.56640625
297,2025-05-01 17:00:09.862979072,0.82470703125,-0.34423828125,0.149169921875,59.50927734375,-9.09423828125,-25.20751953125,30.56640625
298,2025-05-01 17:00:09.866945792,0.844482421875,-0.34375,0.154052734375,61.70654296875,-10.31494140625,-25.634765625,30.56640625
299,2025-05-01 17:00:09.870912512,0.918701171875,-0.357421875,0.197509765625,62.56103515625,-14.09912109375,-23.193359375,30.56640625
300,2025-05-01 17:00:09.874879232,1.049560546875,-0.399169921875,0.247314453125,61.21826171875,-15.625,-17.9443359375,30.56640625
301,2025-05-01 17:00:09.878845952,1.186279296875,-0.470947265625,0.265380859375,57.0068359375,-11.53564453125,-11.77978515625,30.56640625
302,2025-05-01 17:00:09.882812416,1.275390625,-0.57666015625,0.23095703125,49.31640625,-3.84521484375,-7.080078125,30.56640625
303,2025-05-01 17:00:09.886779136,1.278564453125,-0.684326171875,0.13134765625,43.5791015625,1.64794921875,-4.638671875,30.56640625
304,2025-05-01 17:00:09.890745856,1.205810546875,-0.755126953125,0.014404296875,44.98291015625,2.0751953125,-4.69970703125,30.56640625
305,2025-05-01 17:00:09.894712576,1.123779296875,-0.770263671875,-0.04296875,53.5888671875,-1.708984375,-7.01904296875,30.56640625
306,2025-05-01 17:00:09.898679296,1.076416015625,-0.737060546875,-0.02734375,65.36865234375,-7.2021484375,-11.53564453125,30.56640625
307,2025-05-01 17:00:09.902645760,1.03662109375,-0.660888671875,0.022216796875,75.86669921875,-11.962890625,-17.2119140625,30.56640625
308,2025-05-01 17:00:09.906612736,0.994140625,-0.568359375,0.06884765625,81.60400390625,-13.61083984375,-23.0712890625,30.56640625
309,2025-05-01 17:00:09.910579200,0.940673828125,-0.4921875,0.106201171875,81.84814453125,-12.451171875,-28.99169921875,30.56640625
310,2025-05-01 17:00:09.914545920,0.88330078125,-0.444091796875,0.1318359375,78.2470703125,-11.16943359375,-34.1796875,30.56640625
311,2025-05-01 17:00:09.918512640,0.84375,-0.426025390625,0.146728515625,73.42529296875,-11.23046875,-36.80419921875,30.56640625
312,2025-05-01 17:00:09.922479104,0.81298828125,-0.416259765625,0.14697265625,69.9462890625,-13.427734375,-37.2314453125,30.56640625
313,2025-05-01 17:00:09.926446080,0.7978515625,-0.404296875,0.140625,67.87109375,-16.4794921875,-35.64453125,30.56640625
314,2025-05-01 17:00:09.930412544,0.785400390625,-0.3955078125,0.12939453125,65.61279296875,-18.5546875,-32.65380859375,30.56640625
315,2025-05-01 17:00:09.934379264,0.78173828125,-0.39111328125,0.115234375,62.80517578125,-18.1884765625,-28.9306640625,30.56640625
316,2025-05-01 17:00:09.938345984,0.792236328125,-0.396240234375,0.100830078125,59.50927734375,-15.19775390625,-24.59716796875,30.56640625
317,2025-05-01 17:00:09.942312704,0.825927734375,-0.4072265625,0.093017578125,56.884765625,-9.033203125,-19.775390625,30.56640625
318,2025-05-01 17:00:09.946279168,0.869873046875,-0.416015625,0.09033203125,55.72509765625,0.9765625,-15.19775390625,30.56640625
319,2025-05-01 17:00:09.950245888,0.898681640625,-0.415283203125,0.087158203125,56.2744140625,14.7705078125,-11.41357421875,30.56640625
320,2025-05-01 17:00:09.954212608,0.913330078125,-0.41259765625,0.095458984375,57.18994140625,29.72412109375,-9.09423828125,30.56640625
321,2025-05-01 17:00:09.958179328,0.8935546875,-0.408447265625,0.10888671875,57.9833984375,42.41943359375,-8.23974609375,30.55908203125
322,2025-05-01 17:00:09.962146048,0.843017578125,-0.39208984375,0.123779296875,58.89892578125,50.10986328125,-7.568359375,30.5517578125
323,2025-05-01 17:00:09.966112512,0.788818359375,-0.37060546875,0.14990234375,60.302734375,51.57470703125,-6.65283203125,30.54443359375
324,2025-05-01 17:00:09.970079488,0.747314453125,-0.349365234375,0.164306640625,61.09619140625,46.630859375,-6.34765625,30.537109375
325,2025-05-01 17:00:09.974045952,0.718994140625,-0.331298828125,0.160888671875,60.36376953125,35.46142578125,-6.77490234375,30.52978515625
326,2025-05-01 17:00:09.978012928,0.7021484375,-0.313720703125,0.1484375,59.08203125,19.47021484375,-6.77490234375,30.5224609375
327,2025-05-01 17:00:09.981979392,0.699951171875,-0.296875,0.1328125,58.28857421875,1.708984375,-6.28662109375,30.51513671875
328,2025-05-01 17:00:09.985945856,0.71142578125,-0.277099609375,0.123046875,58.349609375,-15.869140625,-5.79833984375,30.5078125
329,2025-05-01 17:00:09.989912832,0.725341796875,-0.25439453125,0.119140625,58.349609375,-32.1044921875,-5.43212890625,30.50048828125
330,2025-05-01 17:00:09.993879296,0.7490234375,-0.231201171875,0.1162109375,57.9833984375,-45.166015625,-5.615234375,30.4931640625
331,2025-05-01 17:00:09.997846016,0.788330078125,-0.20849609375,0.11767578125,56.5185546875,-52.42919921875,-6.34765625,30.48583984375
332,2025-05-01 17:00:10.001812736,0.832763671875,-0.19189453125,0.124267578125,53.7109375,-53.5888671875,-7.38525390625,30.478515625
333,2025-05-01 17:00:10.005779456,0.87109375,-0.179443359375,0.131591796875,50.048828125,-49.74365234375,-7.75146484375,30.47119140625
334,2025-05-01 17:00:10.009746176,0.897705078125,-0.16845703125,0.14697265625,46.44775390625,-41.07666015625,-6.77490234375,30.4638671875
335,2025-05-01 17:00:10.013712896,0.9111328125,-0.1533203125,0.169677734375,43.5791015625,-28.38134765625,-5.31005859375,30.45654296875
336,2025-05-01 17:00:10.017679360,0.91748046875,-0.130126953125,0.189697265625,41.50390625,-12.87841796875,-3.72314453125,30.44921875
337,2025-05-01 17:00:10.021646080,0.912841796875,-0.107177734375,0.218017578125,38.9404296875,2.86865234375,-1.953125,30.44189453125
338,2025-05-01 17:00:10.025612800,0.892578125,-0.10107421875,0.25439453125,34.7900390625,16.845703125,0.54931640625,30.4345703125
339,2025-05-01 17:00:10.029579520,0.862548828125,-0.112060546875,0.27783203125,29.47998046875,29.11376953125,3.5400390625,30.42724609375
340,2025-05-01 17:00:10.033546240,0.83203125,-0.136474609375,0.287109375,24.0478515625,38.87939453125,5.7373046875,30.419921875
341,2025-05-01 17:00:10.037512704,0.81103515625,-0.167724609375,0.280517578125,20.3857421875,45.47119140625,7.50732421875,30.41259765625
342,2025-05-01 17:00:10.041479680,0.798583984375,-0.195556640625,0.2646484375,19.287109375,48.4619140625,10.43701171875,30.4052734375
343,2025-05-01 17:00:10.045446144,0.797607421875,-0.21630859375,0.272705078125,20.69091796875,49.01123046875,14.58740234375,30.39794921875
344,2025-05-01 17:00:10.049412608,0.800048828125,-0.23583984375,0.302490234375,24.35302734375,48.88916015625,19.53125,30.390625
345,2025-05-01 17:00:10.053379584,0.797607421875,-0.260498046875,0.335205078125,29.35791015625,49.01123046875,24.84130859375,30.38330078125
346,2025-05-01 17:00:10.057346048,0.764892578125,-0.286865234375,0.34716796875,34.60693359375,49.560546875,30.45654296875,30.3759765625
347,2025-05-01 17:00:10.061313024,0.704345703125,-0.317138671875,0.34619140625,39.55078125,49.01123046875,36.31591796875,30.36865234375
348,2025-05-01 17:00:10.065279488,0.6396484375,-0.342041015625,0.351806640625,44.3115234375,45.41015625,42.6025390625,30.361328125
349,2025-05-01 17:00:10.069246208,0.578857421875,-0.372802734375,0.385986328125,49.072265625,38.02490234375,49.4384765625,30.35400390625
350,2025-05-01 17:00:10.073212928,0.533447265625,-0.410400390625,0.445556640625,54.8095703125,28.01513671875,57.861328125,30.3466796875
351,2025-05-01 17:00:10.077179648,0.502197265625,-0.447021484375,0.507080078125,62.01171875,18.12744140625,68.54248046875,30.33935546875
352,2025-05-01 17:00:10.081146368,0.47119140625,-0.474853515625,0.535400390625,69.27490234375,11.23046875,81.6650390625,30.33203125
353,2025-05-01 17:00:10.874481152,0.451416015625,-0.498291015625,0.51416015625,74.70703125,9.09423828125,96.6796875,30.32470703125
354,2025-05-01 17:00:10.878447872,0.443603515625,-0.528076171875,0.470703125,76.84326171875,11.474609375,113.09814453125,30.3173828125
355,2025-05-01 17:00:10.882414592,0.457275390625,-0.579345703125,0.43701171875,75.37841796875,16.2353515625,130.7373046875,30.31005859375
356,2025-05-01 17:00:10.886381056,0.460693359375,-0.65380859375,0.42822265625,70.80078125,20.5078125,149.59716796875,30.302734375
357,2025-05-01 17:00:10.890348032,0.44384765625,-0.742431640625,0.453125,64.3310546875,23.86474609375,171.2646484375,30.29541015625
358,2025-05-01 17:00:10.894314496,0.41845703125,-0.82470703125,0.53076171875,57.43408203125,26.2451171875,195.1904296875,30.2880859375
359,2025-05-01 17:00:10.898281216,0.4033203125,-0.888427734375,0.653564453125,49.8046875,27.89306640625,217.4072265625,30.28076171875
360,2025-05-01 17:00:10.902247936,0.39501953125,-0.940185546875,0.777099609375,39.306640625,28.3203125,233.21533203125,30.2734375
361,2025-05-01 17:00:10.906214656,0.38232421875,-0.9873046875,0.830078125,24.35302734375,26.0009765625,239.013671875,30.28076171875
362,2025-05-01 17:00:10.910181376,0.371826171875,-1.0380859375,0.787109375,5.18798828125,18.12744140625,236.87744140625,30.2880859375
363,2025-05-01 17:00:10.914147840,0.362548828125,-1.09716796875,0.66943359375,-11.8408203125,3.96728515625,232.97119140625,30.29541015625
364,2025-05-01 17:00:10.918114560,0.334228515625,-1.135498046875,0.532470703125,-19.71435546875,-15.13671875,228.8818359375,30.302734375
365,2025-05-01 17:00:10.922081280,0.296630859375,-1.151611328125,0.4169921875,-17.51708984375,-37.65869140625,222.900390625,30.31005859375
366,2025-05-01 17:00:10.926048000,0.2841796875,-1.152587890625,0.35693359375,-9.21630859375,-59.5703125,213.7451171875,30.3173828125
367,2025-05-01 17:00:10.930014720,0.27978515625,-1.15673828125,0.345947265625,1.46484375,-73.66943359375,202.33154296875,30.32470703125
368,2025-05-01 17:00:10.933981440,0.298583984375,-1.171142578125,0.37255859375,13.73291015625,-74.8291015625,192.32177734375,30.33203125
369,2025-05-01 17:00:10.937947904,0.330810546875,-1.180419921875,0.403076171875,28.13720703125,-63.8427734375,185.4248046875,30.33935546875
370,2025-05-01 17:00:10.941914624,0.359130859375,-1.16748046875,0.43798828125,44.49462890625,-45.71533203125,181.640625,30.3466796875
371,2025-05-01 17:00:10.945881344,0.39990234375,-1.1181640625,0.494140625,60.85205078125,-25.32958984375,182.0068359375,30.35400390625
372,2025-05-01 17:00:10.949848064,0.430908203125,-1.038330078125,0.4970703125,70.9228515625,-4.7607421875,187.43896484375,30.361328125
373,2025-05-01 17:00:10.953814784,0.423828125,-0.989013671875,0.502685546875,71.77734375,14.16015625,197.57080078125,30.36865234375
374,2025-05-01 17:00:10.957781248,0.380126953125,-1.037841796875,0.545654296875,65.36865234375,25.93994140625,208.80126953125,30.3759765625
375,2025-05-01 17:00:10.961748224,0.280517578125,-1.135986328125,0.53759765625,56.15234375,23.681640625,219.54345703125,30.38330078125
376,2025-05-01 17:00:10.965714688,0.1337890625,-1.200439453125,0.448486328125,48.2177734375,5.92041015625,229.06494140625,30.390625
377,2025-05-01 17:00:10.969681408,0.040283203125,-1.2158203125,0.34375,43.15185546875,-26.0009765625,230.52978515625,30.39794921875
378,2025-05-01 17:00:10.973648128,0.0419921875,-1.21484375,0.2822265625,41.93115234375,-67.9931640625,220.03173828125,30.4052734375
379,2025-05-01 17:00:10.977614592,0.08984375,-1.19287109375,0.290771484375,46.93603515625,-110.2294921875,202.2705078125,30.41259765625
380,2025-05-01 17:00:10.981581568,0.148193359375,-1.1337890625,0.34716796875,55.60302734375,-144.71435546875,183.65478515625,30.419921875
381,2025-05-01 17:00:10.985548032,0.213134765625,-1.0517578125,0.4072265625,62.56103515625,-166.80908203125,166.32080078125,30.42724609375
382,2025-05-01 17:00:10.989514752,0.25927734375,-0.9716796875,0.461181640625,64.39208984375,-175.9033203125,151.30615234375,30.4345703125
383,2025-05-01 17:00:10.993481472,0.291259765625,-0.92041015625,0.46923828125,61.279296875,-176.3916015625,139.16015625,30.44189453125
384,2025-05-01 17:00:10.997448192,0.31201171875,-0.89111328125,0.439697265625,57.06787109375,-171.81396484375,128.90625,30.44921875
385,2025-05-01 17:00:11.001414656,0.33837890625,-0.889404296875,0.41064453125,54.5654296875,-162.353515625,120.361328125,30.45654296875
386,2025-05-01 17:00:11.005381632,0.366943359375,-0.895751953125,0.38427734375,55.35888671875,-147.64404296875,112.97607421875,30.4638671875
387,2025-05-01 17:00:11.009348096,0.389404296875,-0.8876953125,0.371337890625,59.14306640625,-128.2958984375,104.43115234375,30.47119140625
388,2025-05-01 17:00:11.013314816,0.3818359375,-0.84619140625,0.367919921875,64.453125,-107.48291015625,96.19140625,30.478515625
389,2025-05-01 17:00:11.017281536,0.353515625,-0.785888671875,0.3642578125,66.46728515625,-92.6513671875,89.599609375,30.48583984375
390,2025-05-01 17:00:11.021248000,0.307373046875,-0.7197265625,0.359130859375,64.88037109375,-86.12060546875,84.53369140625,30.4931640625
391,2025-05-01 17:00:11.025214976,0.27587890625,-0.6630859375,0.334716796875,60.6689453125,-84.65576171875,79.345703125,30.50048828125
392,2025-05-01 17:00:11.029181440,0.26318359375,-0.62109375,0.283935546875,54.6875,-83.984375,74.951171875,30.5078125
393,2025-05-01 17:00:11.033148416,0.248046875,-0.5908203125,0.2197265625,47.42431640625,-82.1533203125,71.2890625,30.51513671875
394,2025-05-01 17:00:11.037114880,0.247802734375,-0.577392578125,0.167236328125,39.55078125,-79.58984375,66.71142578125,30.5224609375
395,2025-05-01 17:00:11.041081344,0.259033203125,-0.583984375,0.1337890625,32.28759765625,-77.81982421875,60.11962890625,30.52978515625
396,2025-05-01 17:00:11.045048320,0.274658203125,-0.60400390625,0.111572265625,26.4892578125,-77.5146484375,52.79541015625,30.537109375
397,2025-05-01 17:00:11.049014784,0.290771484375,-0.6162109375,0.09521484375,23.49853515625,-78.0029296875,47.05810546875,30.54443359375
398,2025-05-01 17:00:11.052981504,0.304443359375,-0.6064453125,0.08203125,22.94921875,-78.2470703125,42.724609375,30.5517578125
399,2025-05-01 17:00:11.056948224,0.302734375,-0.579833984375,0.077392578125,23.193359375,-77.45361328125,39.00146484375,30.55908203125
400,2025-05-01 17:00:11.060914944,0.3017578125,-0.55126953125,0.075927734375,21.54541015625,-74.89013671875,35.400390625,30.56640625
401,2025-05-01 17:00:11.064881664,0.288330078125,-0.55029296875,0.074951171875,15.5029296875,-70.3125,31.8603515625,30.56640625
402,2025-05-01 17:00:11.068848384,0.26318359375,-0.609130859375,0.071044921875,1.64794921875,-63.96484375,28.99169921875,30.56640625
403,2025-05-01 17:00:11.072814848,0.248291015625,-0.760986328125,0.06494140625,-20.81298828125,-56.396484375,26.79443359375,30.56640625
404,2025-05-01 17:00:11.076781568,0.261474609375,-1.008544921875,0.04736328125,-45.95947265625,-48.9501953125,23.3154296875,30.56640625
405,2025-05-01 17:00:11.080748288,0.309814453125,-1.287109375,0.014892578125,-62.5,-42.48046875,19.59228515625,30.56640625
406,2025-05-01 17:00:11.084715008,0.383056640625,-1.493896484375,0.006103515625,-63.1103515625,-35.0341796875,19.6533203125,30.56640625
407,2025-05-01 17:00:11.088681728,0.486328125,-1.63818359375,0.087158203125,-54.99267578125,-22.3388671875,24.5361328125,30.56640625
408,2025-05-01 17:00:11.092648192,0.613037109375,-1.741943359375,0.24560546875,-48.2177734375,-0.06103515625,28.9306640625,30.56640625
409,2025-05-01 17:00:11.096615168,0.7109375,-1.73193359375,0.39453125,-45.59326171875,32.77587890625,30.1513671875,30.56640625
410,2025-05-01 17:00:11.100581632,0.71484375,-1.584228515625,0.504638671875,-45.7763671875,71.83837890625,30.94482421875,30.56640625
411,2025-05-01 17:00:11.104548352,0.655517578125,-1.40283203125,0.643798828125,-45.71533203125,108.154296875,29.23583984375,30.56640625
412,2025-05-01 17:00:11.108515072,0.631591796875,-1.263427734375,0.785888671875,-44.12841796875,138.5498046875,24.59716796875,30.56640625
413,2025-05-01 17:00:11.112481536,0.587890625,-1.1572265625,0.869384765625,-42.236328125,159.66796875,16.11328125,30.56640625
414,2025-05-01 17:00:11.116448512,0.46337890625,-1.060791015625,0.883544921875,-43.3349609375,160.46142578125,0.0,30.56640625
415,2025-05-01 17:00:11.120414976,0.318603515625,-0.980712890625,0.896240234375,-44.61669921875,134.1552734375,-24.59716796875,30.56640625
416,2025-05-01 17:00:11.124381696,0.24560546875,-0.93017578125,0.904296875,-42.90771484375,94.23828125,-50.6591796875,30.56640625
417,2025-05-01 17:00:11.128348416,0.273193359375,-0.9013671875,0.8818359375,-41.19873046875,65.4296875,-71.4111328125,30.56640625
418,2025-05-01 17:00:11.132315136,0.3447265625,-0.904541015625,0.82421875,-46.5087890625,59.50927734375,-86.669921875,30.56640625
419,2025-05-01 17:00:11.136281856,0.371826171875,-0.967529296875,0.746337890625,-56.884765625,71.044921875,-99.12109375,30.56640625
420,2025-05-01 17:00:11.140248320,0.343017578125,-1.076904296875,0.671630859375,-60.6689453125,91.30859375,-111.083984375,30.56640625
421,2025-05-01 17:00:11.144215040,0.27685546875,-1.16357421875,0.603515625,-51.45263671875,113.4033203125,-121.15478515625,30.56640625
422,2025-05-01 17:00:11.148181760,0.219482421875,-1.198974609375,0.525390625,-34.11865234375,132.14111328125,-125.6103515625,30.56640625
423,2025-05-01 17:00:11.152148480,0.172119140625,-1.178466796875,0.438232421875,-16.7236328125,146.97265625,-124.08447265625,30.56640625
424,2025-05-01 17:00:11.156114944,0.121826171875,-1.115478515625,0.36181640625,-4.21142578125,159.5458984375,-119.56787109375,30.56640625
425,2025-05-01 17:00:11.160081920,0.074462890625,-1.04833984375,0.298095703125,2.13623046875,170.83740234375,-116.39404296875,30.56640625
426,2025-05-01 17:00:11.164048384,0.02880859375,-1.00634765625,0.260009765625,3.5400390625,179.6875,-114.501953125,30.56640625
427,2025-05-01 17:00:11.168015360,-0.0146484375,-1.003173828125,0.240478515625,3.23486328125,184.814453125,-110.2294921875,30.56640625
428,2025-05-01 17:00:11.171981824,-0.053955078125,-1.01416015625,0.2138671875,4.57763671875,186.03515625,-103.45458984375,30.56640625
429,2025-05-01 17:00:11.175948288,-0.08251953125,-1.019287109375,0.174560546875,9.1552734375,183.2275390625,-97.35107421875,30.56640625
430,2025-05-01 17:00:11.179915264,-0.093994140625,-0.991943359375,0.140869140625,16.6015625,176.45263671875,-93.07861328125,30.56640625
431,2025-05-01 17:00:11.183881728,-0.080078125,-0.939697265625,0.124755859375,24.35302734375,165.8935546875,-89.53857421875,30.56640625
432,2025-05-01 17:00:11.187848448,-0.052001953125,-0.88525390625,0.13818359375,29.72412109375,151.123046875,-85.5712890625,30.56640625
433,2025-05-01 17:00:11.191815168,-0.02978515625,-0.843017578125,0.164306640625,32.53173828125,133.48388671875,-79.9560546875,30.56640625
434,2025-05-01 17:00:11.195781888,-0.00537109375,-0.805908203125,0.19873046875,33.0810546875,114.44091796875,-73.30322265625,30.56640625
435,2025-05-01 17:00:11.199748608,0.0302734375,-0.7724609375,0.240234375,32.470703125,95.3369140625,-67.68798828125,30.56640625
436,2025-05-01 17:00:11.203715328,0.067626953125,-0.728271484375,0.275146484375,30.82275390625,77.7587890625,-64.27001953125,30.56640625
437,2025-05-01 17:00:11.207681792,0.07666015625,-0.67724609375,0.297607421875,27.099609375,61.95068359375,-61.82861328125,30.56640625
438,2025-05-01 17:00:11.211648512,0.072021484375,-0.632080078125,0.322509765625,21.240234375,47.2412109375,-59.26513671875,30.56640625
439,2025-05-01 17:00:11.215615232,0.064453125,-0.60986328125,0.363037109375,13.97705078125,33.99658203125,-57.18994140625,30.56640625
440,2025-05-01 17:00:11.219581952,0.078369140625,-0.61865234375,0.40478515625,6.7138671875,24.658203125,-55.908203125,30.56640625
441,2025-05-01 17:00:11.223548672,0.121826171875,-0.6416015625,0.419921875,1.03759765625,22.03369140625,-54.99267578125,30.56640625
442,2025-05-01 17:00:11.227515136,0.1376953125,-0.64697265625,0.40576171875,-1.220703125,24.84130859375,-54.99267578125,30.56640625
443,2025-05-01 17:00:11.231482112,0.1396484375,-0.642822265625,0.385498046875,-3.11279296875,29.78515625,-55.17578125,30.56640625
444,2025-05-01 17:00:11.235448576,0.15283203125,-0.66259765625,0.384033203125,-6.2255859375,33.87451171875,-53.955078125,30.56640625
445,2025-05-01 17:00:11.239415296,0.166015625,-0.714111328125,0.38818359375,-10.43701171875,37.353515625,-49.62158203125,30.56640625
446,2025-05-01 17:00:11.243382016,0.15478515625,-0.76806640625,0.37890625,-12.26806640625,42.724609375,-41.1376953125,30.56640625
447,2025-05-01 17:00:11.247348480,0.142578125,-0.806884765625,0.367431640625,-10.498046875,51.1474609375,-30.76171875,30.56640625
448,2025-05-01 17:00:11.251315456,0.13330078125,-0.825439453125,0.364990234375,-6.591796875,62.92724609375,-20.56884765625,30.56640625
449,2025-05-01 17:00:11.255281920,0.123291015625,-0.8466796875,0.365234375,-3.72314453125,76.96533203125,-11.5966796875,30.56640625
450,2025-05-01 17:00:11.259248640,0.10205078125,-0.876220703125,0.369140625,-3.23486328125,91.12548828125,-4.0283203125,30.56640625
451,2025-05-01 17:00:11.263215360,0.05517578125,-0.919189453125,0.367431640625,-4.7607421875,102.84423828125,2.9296875,30.56640625
452,2025-05-01 17:00:11.267182080,-0.03466796875,-0.96484375,0.3525390625,-6.8359375,108.94775390625,10.19287109375,30.56640625
453,2025-05-01 17:00:11.271148800,-0.16162109375,-1.008544921875,0.32861328125,-9.21630859375,107.23876953125,18.9208984375,30.56640625
454,2025-05-01 17:00:11.667816192,-0.291015625,-1.04736328125,0.320068359375,-12.26806640625,96.86279296875,27.4658203125,30.56640625
455,2025-05-01 17:00:11.671782656,-0.39794921875,-1.093017578125,0.34521484375,-15.56396484375,78.79638671875,33.50830078125,30.56640625
456,2025-05-01 17:00:11.675749632,-0.45263671875,-1.15380859375,0.398193359375,-20.08056640625,54.931640625,37.41455078125,30.56640625
457,2025-05-01 17:00:11.679716096,-0.44580078125,-1.226318359375,0.486572265625,-27.34375,26.67236328125,42.90771484375,30.56640625
458,2025-05-01 17:00:11.683682816,-0.3876953125,-1.296630859375,0.637939453125,-36.1328125,-2.25830078125,53.40576171875,30.56640625
459,2025-05-01 17:00:11.687649536,-0.28125,-1.35595703125,0.884033203125,-44.61669921875,-23.92578125,67.68798828125,30.56640625
460,2025-05-01 17:00:11.691616256,-0.1787109375,-1.386474609375,1.263427734375,-52.06298828125,-32.53173828125,84.228515625,30.56640625
461,2025-05-01 17:00:11.695582976,-0.068359375,-1.2900390625,1.632568359375,-59.87548828125,-27.40478515625,99.91455078125,30.56640625
462,2025-05-01 17:00:11.699549696,0.0068359375,-1.06787109375,1.607421875,-74.3408203125,-22.88818359375,101.25732421875,30.56640625
463,2025-05-01 17:00:11.703516160,-0.122802734375,-0.918701171875,1.06005859375,-90.02685546875,-39.85595703125,89.111328125,30.56640625
464,2025-05-01 17:00:11.707482880,-0.3505859375,-0.86669921875,0.50830078125,-96.61865234375,-70.80078125,81.97021484375,30.56640625
465,2025-05-01 17:00:11.711449600,-0.396728515625,-1.028564453125,0.14599609375,-109.375,-96.19140625,86.181640625,30.56640625
466,2025-05-01 17:00:11.715416320,-0.260986328125,-1.33984375,-0.02587890625,-111.63330078125,-93.017578125,88.134765625,30.56640625
467,2025-05-01 17:00:11.719383040,-0.081787109375,-1.566162109375,-0.013427734375,-81.23779296875,-56.82373046875,70.4345703125,30.56640625
468,2025-05-01 17:00:11.723349504,0.02880859375,-1.469482421875,0.1376953125,-19.6533203125,-6.9580078125,43.15185546875,30.56640625
469,2025-05-01 17:00:11.727316480,-0.006591796875,-1.141845703125,0.326171875,35.82763671875,29.96826171875,30.82275390625,30.56640625
470,2025-05-01 17:00:11.731282944,-0.1328125,-0.886474609375,0.468505859375,57.18994140625,41.19873046875,35.7666015625,30.56640625
471,2025-05-01 17:00:11.735249408,-0.2373046875,-0.7685546875,0.49267578125,51.20849609375,31.92138671875,45.8984375,30.56640625
472,2025-05-01 17:00:11.739216384,-0.29443359375,-0.72705078125,0.421875,34.24072265625,13.0615234375,54.62646484375,30.56640625
473,2025-05-01 17:00:11.743182848,-0.32470703125,-0.733154296875,0.33349609375,15.7470703125,-6.34765625,61.09619140625,30.56640625
474,2025-05-01 17:00:11.747149824,-0.340087890625,-0.77734375,0.263916015625,-0.3662109375,-23.92578125,66.89453125,30.56640625
475,2025-05-01 17:00:11.751116288,-0.345703125,-0.84765625,0.226806640625,-12.51220703125,-42.6025390625,72.32666015625,30.56640625
476,2025-05-01 17:00:11.755083008,-0.351318359375,-0.9208984375,0.212890625,-18.9208984375,-62.8662109375,75.98876953125,30.56640625
477,2025-05-01 17:00:11.759049728,-0.343505859375,-0.95263671875,0.219970703125,-18.798828125,-82.58056640625,77.1484375,30.56640625
478,2025-05-01 17:00:11.763016448,-0.318115234375,-0.931640625,0.23876953125,-15.5029296875,-101.13525390625,75.13427734375,30.56640625
479,2025-05-01 17:00:11.766982912,-0.30322265625,-0.8857421875,0.24951171875,-14.0380859375,-119.873046875,71.47216796875,30.56640625
480,2025-05-01 17:00:11.770949632,-0.29931640625,-0.83544921875,0.233154296875,-15.7470703125,-136.8408203125,69.4580078125,30.56640625
481,2025-05-01 17:00:11.774916352,-0.268310546875,-0.814208984375,0.23193359375,-19.6533203125,-150.69580078125,68.05419921875,30.56640625
482,2025-05-01 17:00:11.778883072,-0.189208984375,-0.834228515625,0.264892578125,-22.52197265625,-159.97314453125,64.75830078125,30.56640625
483,2025-05-01 17:00:11.782849792,-0.116455078125,-0.871826171875,0.29052734375,-21.6064453125,-163.51318359375,60.11962890625,30.56640625
484,2025-05-01 17:00:11.786816256,-0.090087890625,-0.881591796875,0.29248046875,-17.2119140625,-164.00146484375,56.640625,30.56640625
485,2025-05-01 17:00:11.790783232,-0.080078125,-0.856689453125,0.304443359375,-11.962890625,-165.58837890625,53.52783203125,30.56640625
486,2025-05-01 17:00:11.794749696,-0.042236328125,-0.849853515625,0.34130859375,-8.7890625,-167.29736328125,48.33984375,30.56640625
487,2025-05-01 17:00:11.798716672,0.039306640625,-0.86572265625,0.365234375,-5.43212890625,-165.46630859375,41.8701171875,30.56640625
488,2025-05-01 17:00:11.802683136,0.10986328125,-0.8740234375,0.3447265625,-0.48828125,-159.423828125,35.58349609375,30.56640625
489,2025-05-01 17:00:11.806649600,0.1318359375,-0.828369140625,0.324951171875,8.11767578125,-152.2216796875,30.33447265625,30.56640625
490,2025-05-01 17:00:11.810616576,0.130615234375,-0.75732421875,0.323486328125,17.02880859375,-147.94921875,23.193359375,30.56640625
491,2025-05-01 17:00:11.814583040,0.140380859375,-0.7021484375,0.334716796875,24.23095703125,-146.240234375,15.80810546875,30.56640625
492,2025-05-01 17:00:11.818549760,0.1689453125,-0.6591796875,0.339599609375,28.86962890625,-144.10400390625,10.6201171875,30.56640625
493,2025-05-01 17:00:11.822516480,0.19482421875,-0.614990234375,0.3349609375,30.45654296875,-140.380859375,6.7138671875,30.56640625
494,2025-05-01 17:00:11.826483200,0.2041015625,-0.580810546875,0.333740234375,28.50341796875,-135.31494140625,3.11279296875,30.56640625
495,2025-05-01 17:00:11.830449920,0.21533203125,-0.572998046875,0.33984375,23.62060546875,-129.57763671875,0.8544921875,30.56640625
496,2025-05-01 17:00:11.834416384,0.23095703125,-0.593017578125,0.33984375,17.02880859375,-124.20654296875,0.30517578125,30.56640625
497,2025-05-01 17:00:11.838383104,0.25,-0.62890625,0.338623046875,10.8642578125,-118.896484375,0.48828125,30.56640625
498,2025-05-01 17:00:11.842349824,0.263427734375,-0.654052734375,0.32666015625,7.32421875,-112.548828125,1.46484375,30.56640625
499,2025-05-01 17:00:11.846316544,0.27099609375,-0.653564453125,0.30322265625,5.18798828125,-105.77392578125,3.47900390625,30.56640625
